digit,number
1,100.0
1,101.11111111111111
2,102.22222222222223
2,103.33333333333333
3,104.44444444444444
3,105.55555555555556
4,106.66666666666667
4,107.77777777777777
5,108.88888888888889
5,110.0
